{
  "mse": {
    "training": 7551.6357033939,
    "testing": 4276.5963773282
  },
  "r2": {
    "training": -2.8285478853,
    "testing": -0.7873721969
  }
}
